{
"name": "ns1:timeSeriesResponseType",
"declaredType": "org.cuahsi.waterml.TimeSeriesResponseType",
"scope": "javax.xml.bind.JAXBElement$GlobalScope",
"value": {
"queryInfo": {
"queryURL": "http://waterservices.usgs.gov/nwis/iv/format=json&sites=01589485&parameterCd=00300&period=pt3h&access=1",
"criteria": {
"locationParam": "[ALL:01589485]",
"variableParam": "[00300]",
"parameter": []
},
"note": [
{
"value": "[ALL:01589485]",
"title": "filter:sites"
},
{
"value": "[mode=PERIOD, period=PT3H, modifiedSince=null]",
"title": "filter:timeRange"
},
{
"value": "methodIds=[ALL]",
"title": "filter:methodId"
},
{
"value": "2018-02-20T12:28:06.181Z",
"title": "requestDT"
},
{
"value": "80a14640-1639-11e8-8d58-6cae8b663fb6",
"title": "requestId"
},
{
"value": "Provisional data are subject to revision. Go to http://waterdata.usgs.gov/nwis/help/?provisional for more information.",
"title": "disclaimer"
},
{
"value": "vaas01",
"title": "server"
}
]
},
"timeSeries": [
{
"sourceInfo": {
"siteName": "JONES FALLS AT MOUTH AT BALTIMORE, MD",
"siteCode": [
{
"value": "01589485",
"network": "NWIS",
"agencyCode": "USGS"
}
],
"timeZoneInfo": {
"defaultTimeZone": {
"zoneOffset": "-05:00",
"zoneAbbreviation": "EST"
},
"daylightSavingsTimeZone": {
"zoneOffset": "-04:00",
"zoneAbbreviation": "EDT"
},
"siteUsesDaylightSavingsTime": false
},
"geoLocation": {
"geogLocation": {
"srs": "EPSG:4326",
"latitude": 39.2841111,
"longitude": -76.60363889
},
"localSiteXY": []
},
"note": [],
"siteType": [],
"siteProperty": [
{
"value": "ST-TS",
"name": "siteTypeCd"
},
{
"value": "02060003",
"name": "hucCd"
},
{
"value": "24",
"name": "stateCd"
},
{
"value": "24510",
"name": "countyCd"
}
]
},
"variable": {
"variableCode": [
{
"value": "00300",
"network": "NWIS",
"vocabulary": "NWIS:UnitValues",
"variableID": 45809894,
"default": true
}
],
"variableName": "Dissolved oxygen, water, unfiltered, mg/L",
"variableDescription": "Dissolved oxygen, water, unfiltered, milligrams per liter",
"valueType": "Derived Value",
"unit": {
"unitCode": "mg/l"
},
"options": {
"option": [
{
"name": "Statistic",
"optionCode": "00000"
}
]
},
"note": [],
"noDataValue": -999999,
"variableProperty": [],
"oid": "45809894"
},
"values": [
{
"value": [
{
"value": "12.0",
"qualifiers": [
"P"
],
"dateTime": "2018-02-20T04:30:00.000-05:00"
},
{
"value": "12.0",
"qualifiers": [
"P"
],
"dateTime": "2018-02-20T04:35:00.000-05:00"
},
{
"value": "11.9",
"qualifiers": [
"P"
],
"dateTime": "2018-02-20T04:40:00.000-05:00"
},
{
"value": "11.9",
"qualifiers": [
"P"
],
"dateTime": "2018-02-20T04:45:00.000-05:00"
},
{
"value": "12.0",
"qualifiers": [
"P"
],
"dateTime": "2018-02-20T04:50:00.000-05:00"
},
{
"value": "12.0",
"qualifiers": [
"P"
],
"dateTime": "2018-02-20T04:55:00.000-05:00"
},
{
"value": "12.0",
"qualifiers": [
"P"
],
"dateTime": "2018-02-20T05:00:00.000-05:00"
},
{
"value": "12.0",
"qualifiers": [
"P"
],
"dateTime": "2018-02-20T05:05:00.000-05:00"
},
{
"value": "12.0",
"qualifiers": [
"P"
],
"dateTime": "2018-02-20T05:10:00.000-05:00"
},
{
"value": "12.0",
"qualifiers": [
"P"
],
"dateTime": "2018-02-20T05:15:00.000-05:00"
},
{
"value": "12.0",
"qualifiers": [
"P"
],
"dateTime": "2018-02-20T05:20:00.000-05:00"
},
{
"value": "12.0",
"qualifiers": [
"P"
],
"dateTime": "2018-02-20T05:25:00.000-05:00"
},
{
"value": "12.0",
"qualifiers": [
"P"
],
"dateTime": "2018-02-20T05:30:00.000-05:00"
},
{
"value": "12.0",
"qualifiers": [
"P"
],
"dateTime": "2018-02-20T05:35:00.000-05:00"
},
{
"value": "12.0",
"qualifiers": [
"P"
],
"dateTime": "2018-02-20T05:40:00.000-05:00"
},
{
"value": "12.1",
"qualifiers": [
"P"
],
"dateTime": "2018-02-20T05:45:00.000-05:00"
},
{
"value": "12.0",
"qualifiers": [
"P"
],
"dateTime": "2018-02-20T05:50:00.000-05:00"
},
{
"value": "12.0",
"qualifiers": [
"P"
],
"dateTime": "2018-02-20T05:55:00.000-05:00"
},
{
"value": "12.1",
"qualifiers": [
"P"
],
"dateTime": "2018-02-20T06:00:00.000-05:00"
},
{
"value": "12.0",
"qualifiers": [
"P"
],
"dateTime": "2018-02-20T06:05:00.000-05:00"
},
{
"value": "12.0",
"qualifiers": [
"P"
],
"dateTime": "2018-02-20T06:10:00.000-05:00"
},
{
"value": "12.0",
"qualifiers": [
"P"
],
"dateTime": "2018-02-20T06:15:00.000-05:00"
},
{
"value": "12.0",
"qualifiers": [
"P"
],
"dateTime": "2018-02-20T06:20:00.000-05:00"
},
{
"value": "12.0",
"qualifiers": [
"P"
],
"dateTime": "2018-02-20T06:25:00.000-05:00"
}
],
"qualifier": [
{
"qualifierCode": "P",
"qualifierDescription": "Provisional data subject to revision.",
"qualifierID": 0,
"network": "NWIS",
"vocabulary": "uv_rmk_cd"
}
],
"qualityControlLevel": [],
"method": [
{
"methodDescription": "Upper",
"methodID": 168304
}
],
"source": [],
"offset": [],
"sample": [],
"censorCode": []
},
{
"value": [
{
"value": "11.6",
"qualifiers": [
"P"
],
"dateTime": "2018-02-20T04:30:00.000-05:00"
},
{
"value": "11.6",
"qualifiers": [
"P"
],
"dateTime": "2018-02-20T04:35:00.000-05:00"
},
{
"value": "11.6",
"qualifiers": [
"P"
],
"dateTime": "2018-02-20T04:40:00.000-05:00"
},
{
"value": "11.7",
"qualifiers": [
"P"
],
"dateTime": "2018-02-20T04:45:00.000-05:00"
},
{
"value": "11.6",
"qualifiers": [
"P"
],
"dateTime": "2018-02-20T04:50:00.000-05:00"
},
{
"value": "11.5",
"qualifiers": [
"P"
],
"dateTime": "2018-02-20T04:55:00.000-05:00"
},
{
"value": "11.7",
"qualifiers": [
"P"
],
"dateTime": "2018-02-20T05:00:00.000-05:00"
},
{
"value": "11.7",
"qualifiers": [
"P"
],
"dateTime": "2018-02-20T05:05:00.000-05:00"
},
{
"value": "11.7",
"qualifiers": [
"P"
],
"dateTime": "2018-02-20T05:10:00.000-05:00"
},
{
"value": "11.7",
"qualifiers": [
"P"
],
"dateTime": "2018-02-20T05:15:00.000-05:00"
},
{
"value": "11.6",
"qualifiers": [
"P"
],
"dateTime": "2018-02-20T05:20:00.000-05:00"
},
{
"value": "11.5",
"qualifiers": [
"P"
],
"dateTime": "2018-02-20T05:25:00.000-05:00"
},
{
"value": "11.7",
"qualifiers": [
"P"
],
"dateTime": "2018-02-20T05:30:00.000-05:00"
},
{
"value": "11.7",
"qualifiers": [
"P"
],
"dateTime": "2018-02-20T05:35:00.000-05:00"
},
{
"value": "11.6",
"qualifiers": [
"P"
],
"dateTime": "2018-02-20T05:40:00.000-05:00"
},
{
"value": "11.6",
"qualifiers": [
"P"
],
"dateTime": "2018-02-20T05:45:00.000-05:00"
},
{
"value": "11.6",
"qualifiers": [
"P"
],
"dateTime": "2018-02-20T05:50:00.000-05:00"
},
{
"value": "11.6",
"qualifiers": [
"P"
],
"dateTime": "2018-02-20T05:55:00.000-05:00"
},
{
"value": "11.7",
"qualifiers": [
"P"
],
"dateTime": "2018-02-20T06:00:00.000-05:00"
},
{
"value": "11.6",
"qualifiers": [
"P"
],
"dateTime": "2018-02-20T06:05:00.000-05:00"
},
{
"value": "11.5",
"qualifiers": [
"P"
],
"dateTime": "2018-02-20T06:10:00.000-05:00"
},
{
"value": "11.7",
"qualifiers": [
"P"
],
"dateTime": "2018-02-20T06:15:00.000-05:00"
},
{
"value": "11.6",
"qualifiers": [
"P"
],
"dateTime": "2018-02-20T06:20:00.000-05:00"
},
{
"value": "11.6",
"qualifiers": [
"P"
],
"dateTime": "2018-02-20T06:25:00.000-05:00"
}
],
"qualifier": [
{
"qualifierCode": "P",
"qualifierDescription": "Provisional data subject to revision.",
"qualifierID": 0,
"network": "NWIS",
"vocabulary": "uv_rmk_cd"
}
],
"qualityControlLevel": [],
"method": [
{
"methodDescription": "Lower",
"methodID": 168305
}
],
"source": [],
"offset": [],
"sample": [],
"censorCode": []
}
],
"name": "USGS:01589485:00300:00000"
}
]
},
"nil": false,
"globalScope": true,
"typeSubstituted": false
}